<?xml version="1.0" encoding="utf-8"?>

<!--
@name     Customer Loyalty|Journal
@author   Andrii Burkatskyi, ocmod.space@gmail.com
@version  1.1.8
@link     https://www.ocmod.space/customer-loyalty
@link     https://github.com/ocmod-space/ocmod-customer-loyalty
@licence  https://raw.githubusercontent.com/ocmod-space/ocmod-customer-loyalty/main/EULA.txt
-->

<modification>
	<name>#ocmod.space: customer-loyalty|journal</name>
	<code>customer-loyalty--journal</code>
	<version>1.1.8</version>
	<author>Andrii Burkatskyi</author>
	<link>https://www.opencart.com/index.php?route=marketplace/extension&amp;filter_member=ocmod.space</link>
    <file path="catalog/view/theme/journal3/template/account/account.t*">
        <operation error="log" info="3.x">
          <ignoreif regex="false" info=""><![CDATA[<?php echo $header; ?>]]></ignoreif>
          <search info=""><![CDATA[<li class="edit-pass"><a href="{{ password }}">{{ text_password }}</a></li>]]></search>
          <add position="after"><![CDATA[
        {# << customer-loyalty|journal #}
        {% if customer_loyalty.status %}<li class=""><a href="{{ customer_loyalty.link }}">{{ text_customer_loyalty }}</a></li>{% endif %}
        {# >> customer-loyalty|journal #}]]></add>
        </operation>
    </file>
</modification>
